,player,win,1_played,2_played,3_played,4_played,5_played,6_played,7_played,8_played,9_played,1_threat,2_threat,3_threat,4_threat,5_threat,6_threat,7_threat,8_threat,9_threat,1_win,2_win,3_win,4_win,5_win,6_win,7_win,8_win,9_win,next_move,Unnamed: 0
0,X,0,0,0,0,1,0,0,0,0,0,0,0,0,0,0,0,0,0,0,0,0,0,0,0,0,0,0,0,5.0,0.0
1,O,0,0,0,0,1,-1,0,0,0,0,0,0,0,0,0,0,0,0,0,0,0,0,0,0,0,0,0,0,8.0,1.0
2,X,0,0,0,0,1,-1,0,0,1,0,0,0,0,0,0,0,0,0,0,0,0,0,0,0,0,0,0,0,1.0,2.0
3,O,0,-1,0,0,1,-1,0,0,1,0,0,0,0,0,0,0,0,0,0,0,0,0,0,0,0,0,0,1,9.0,3.0
4,X,0,-1,0,0,1,-1,0,0,1,1,0,0,0,0,0,0,0,0,0,0,0,0,0,0,0,1,0,0,7.0,4.0
5,O,0,-1,0,0,1,-1,0,-1,1,1,0,0,0,0,0,0,0,0,0,0,0,1,0,0,0,0,0,0,3.0,5.0
6,X,0,-1,0,1,1,-1,0,-1,1,1,0,0,0,0,0,0,0,0,0,0,0,0,0,0,1,0,0,0,6.0,6.0
7,O,0,-1,0,1,1,-1,-1,-1,1,1,0,0,0,0,0,0,0,0,0,0,0,0,0,0,0,0,0,0,2.0,7.0
8,X,0,-1,1,1,1,-1,-1,-1,1,1,0,0,0,0,0,0,0,0,0,0,0,0,0,0,0,0,0,0,0.0,8.0
9,0,0,0,0,0,0,0,0,0,0,0,0,0,0,0,0,0,0,0,0,0,0,0,0,0,0,0,0,0,4.0,9.0
10,X,0,0,0,0,1,0,0,0,0,0,0,0,0,0,0,0,0,0,0,0,0,0,0,0,0,0,0,0,7.0,10.0
11,O,0,0,0,0,1,0,0,-1,0,0,0,0,0,0,0,0,0,0,0,0,0,0,0,0,0,0,0,0,5.0,11.0
12,X,0,0,0,0,1,1,0,-1,0,0,0,0,0,0,0,0,0,0,0,0,0,0,0,0,1,0,0,0,6.0,12.0
13,O,0,0,0,0,1,1,-1,-1,0,0,0,0,0,0,0,0,0,0,0,0,0,0,0,0,0,0,0,0,1.0,13.0
14,X,0,1,0,0,1,1,-1,-1,0,0,0,0,0,0,0,0,0,0,0,0,0,0,0,0,0,0,0,1,9.0,14.0
15,O,0,1,0,0,1,1,-1,-1,0,-1,0,0,0,0,0,0,0,0,0,0,0,1,0,0,0,0,1,0,3.0,15.0
16,X,0,1,0,1,1,1,-1,-1,0,-1,0,0,0,0,0,0,0,1,0,0,1,0,0,0,0,0,0,0,2.0,16.0
17,O,0,1,-1,1,1,1,-1,-1,0,-1,0,0,0,0,0,0,0,0,0,0,0,0,0,0,0,0,1,0,8.0,17.0
18,X,0,1,-1,1,1,1,-1,-1,1,-1,0,0,0,0,0,0,0,0,0,0,0,0,0,0,0,0,0,0,0.0,18.0
19,0,0,0,0,0,0,0,0,0,0,0,0,0,0,0,0,0,0,0,0,0,0,0,0,0,0,0,0,0,5.0,19.0
20,X,0,0,0,0,0,1,0,0,0,0,0,0,0,0,0,0,0,0,0,0,0,0,0,0,0,0,0,0,1.0,20.0
21,O,0,-1,0,0,0,1,0,0,0,0,0,0,0,0,0,0,0,0,0,0,0,0,0,0,0,0,0,0,3.0,21.0
22,X,0,-1,0,1,0,1,0,0,0,0,0,0,0,0,0,0,0,0,0,0,0,0,0,0,0,1,0,0,7.0,22.0
23,O,0,-1,0,1,0,1,0,-1,0,0,0,0,0,0,0,0,0,0,0,0,0,0,1,0,0,0,0,0,4.0,23.0
24,X,0,-1,0,1,1,1,0,-1,0,0,0,0,0,0,0,0,0,0,0,0,0,0,0,0,1,0,0,0,9.0,24.0
25,O,0,-1,0,1,1,1,0,-1,0,-1,0,0,0,0,0,1,0,0,0,0,0,0,0,0,0,0,1,0,8.0,25.0
26,X,0,-1,0,1,1,1,0,-1,1,-1,0,0,0,0,0,0,0,0,0,0,1,0,0,0,1,0,0,0,2.0,26.0
27,O,0,-1,-1,1,1,1,0,-1,1,-1,0,0,0,0,0,1,0,0,0,0,0,0,0,0,0,0,0,0,6.0,27.0
28,X,1,-1,-1,1,1,1,1,-1,1,-1,0,0,0,0,0,0,0,0,0,0,0,0,0,0,0,0,0,0,1.0,28.0
29,X,0,1,0,0,0,0,0,0,0,0,0,0,0,0,0,0,0,0,0,0,0,0,0,0,0,0,0,0,5.0,29.0
30,O,0,1,0,0,0,-1,0,0,0,0,0,0,0,0,0,0,0,0,0,0,0,0,0,0,0,0,0,0,7.0,30.0
31,X,0,1,0,0,0,-1,0,1,0,0,0,0,0,0,0,0,0,0,0,0,0,0,1,0,0,0,0,0,4.0,31.0
32,O,0,1,0,0,-1,-1,0,1,0,0,0,0,0,0,0,0,0,0,0,0,0,0,0,0,1,0,0,0,6.0,32.0
33,X,0,1,0,0,-1,-1,1,1,0,0,0,0,0,0,0,0,0,0,0,0,0,0,0,0,0,0,0,0,2.0,33.0
34,O,0,1,-1,0,-1,-1,1,1,0,0,0,0,0,0,0,0,0,0,0,0,0,0,0,0,0,0,1,0,8.0,34.0
35,X,0,1,-1,0,-1,-1,1,1,1,0,0,0,0,0,0,0,0,0,0,0,0,0,0,0,0,0,0,1,9.0,35.0
36,O,0,1,-1,0,-1,-1,1,1,1,-1,0,0,0,0,0,0,0,0,0,0,0,0,0,0,0,0,0,0,3.0,36.0
37,X,0,1,-1,1,-1,-1,1,1,1,-1,0,0,0,0,0,0,0,0,0,0,0,0,0,0,0,0,0,0,0.0,37.0
38,0,0,0,0,0,0,0,0,0,0,0,0,0,0,0,0,0,0,0,0,0,0,0,0,0,0,0,0,0,,38.0
39,0,0,0,0,0,0,0,0,0,0,0,0,0,0,0,0,0,0,0,0,0,0,0,0,0,0,0,0,0,,0.0
40,X,0,0,0,0,1,0,0,0,0,0,0,0,0,0,0,0,0,0,0,0,0,0,0,0,0,0,0,0,2.0,0.0
41,O,0,0,-1,0,1,0,0,0,0,0,0,0,0,0,0,0,0,0,0,0,0,0,0,0,0,0,0,0,6.0,1.0
42,X,0,0,-1,0,1,0,1,0,0,0,0,0,0,0,0,0,0,0,0,0,0,0,0,1,0,0,0,0,8.0,2.0
43,O,0,0,-1,0,1,0,1,0,-1,0,0,0,0,0,1,0,0,0,0,0,0,0,0,1,0,0,0,0,5.0,3.0
44,X,1,0,-1,0,1,1,1,0,-1,0,0,0,0,0,0,0,0,0,0,0,0,0,0,0,0,0,0,0,1.0,4.0
45,X,0,1,0,0,0,0,0,0,0,0,0,0,0,0,0,0,0,0,0,0,0,0,0,0,0,0,0,0,9.0,5.0
46,O,0,1,0,0,0,0,0,0,0,-1,0,0,0,0,0,0,0,0,0,0,0,0,0,0,0,0,0,0,7.0,6.0
47,X,0,1,0,0,0,0,0,1,0,-1,0,0,0,0,0,0,0,0,0,0,0,0,1,0,0,0,0,0,4.0,7.0
48,O,0,1,0,0,-1,0,0,1,0,-1,0,0,0,0,0,0,0,0,0,0,0,0,0,0,0,0,0,0,3.0,8.0
49,X,0,1,0,1,-1,0,0,1,0,-1,0,0,0,0,0,0,0,0,0,0,1,0,0,1,0,0,0,0,5.0,9.0
50,O,0,1,0,1,-1,-1,0,1,0,-1,0,1,0,0,0,0,0,0,0,0,0,0,0,0,1,0,0,0,2.0,10.0
51,X,1,1,1,1,-1,-1,0,1,0,-1,0,0,0,0,0,1,0,0,0,0,0,0,0,0,0,0,0,0,5.0,11.0
52,X,0,0,0,0,0,1,0,0,0,0,0,0,0,0,0,0,0,0,0,0,0,0,0,0,0,0,0,0,1.0,12.0
53,O,0,-1,0,0,0,1,0,0,0,0,0,0,0,0,0,0,0,0,0,0,0,0,0,0,0,0,0,0,3.0,13.0
54,X,0,-1,0,1,0,1,0,0,0,0,0,0,0,0,0,0,0,0,0,0,0,0,0,0,0,1,0,0,7.0,14.0
55,O,0,-1,0,1,0,1,0,-1,0,0,0,0,0,0,0,0,0,0,0,0,0,0,1,0,0,0,0,0,4.0,15.0
56,X,0,-1,0,1,1,1,0,-1,0,0,0,0,0,0,0,0,0,0,0,0,0,0,0,0,1,0,0,0,6.0,16.0
57,O,0,-1,0,1,1,1,-1,-1,0,0,0,0,0,0,0,0,0,0,0,0,0,0,0,0,0,0,0,0,8.0,17.0
58,X,0,-1,0,1,1,1,-1,-1,1,0,0,0,0,0,0,0,0,0,0,0,1,0,0,0,0,0,0,0,2.0,18.0
59,O,0,-1,-1,1,1,1,-1,-1,1,0,0,0,0,0,0,0,0,0,0,0,0,0,0,0,0,0,0,0,9.0,19.0
60,X,0,-1,-1,1,1,1,-1,-1,1,1,0,0,0,0,0,0,0,0,0,0,0,0,0,0,0,0,0,0,0.0,20.0
61,0,0,0,0,0,0,0,0,0,0,0,0,0,0,0,0,0,0,0,0,0,0,0,0,0,0,0,0,0,1.0,21.0
62,X,0,1,0,0,0,0,0,0,0,0,0,0,0,0,0,0,0,0,0,0,0,0,0,0,0,0,0,0,8.0,22.0
63,O,0,1,0,0,0,0,0,0,-1,0,0,0,0,0,0,0,0,0,0,0,0,0,0,0,0,0,0,0,5.0,23.0
64,X,0,1,0,0,0,1,0,0,-1,0,0,0,0,0,0,0,0,0,0,0,0,0,0,0,0,0,0,1,9.0,24.0
65,O,0,1,0,0,0,1,0,0,-1,-1,0,0,0,0,0,0,0,0,0,0,0,0,0,0,0,1,0,0,7.0,25.0
66,X,0,1,0,0,0,1,0,1,-1,-1,0,0,0,0,0,0,0,0,0,0,0,1,1,0,0,0,0,0,3.0,26.0
67,O,0,1,0,-1,0,1,0,1,-1,-1,0,0,0,1,0,0,0,0,0,0,0,0,0,0,1,0,0,0,4.0,27.0
68,X,1,1,0,-1,1,1,0,1,-1,-1,0,0,0,0,0,1,0,0,0,0,0,0,0,0,1,0,0,0,1.0,28.0
69,X,0,1,0,0,0,0,0,0,0,0,0,0,0,0,0,0,0,0,0,0,0,0,0,0,0,0,0,0,9.0,29.0
70,O,0,1,0,0,0,0,0,0,0,-1,0,0,0,0,0,0,0,0,0,0,0,0,0,0,0,0,0,0,5.0,30.0
71,X,0,1,0,0,0,1,0,0,0,-1,0,0,0,0,0,0,0,0,0,0,0,0,0,0,0,0,0,0,7.0,31.0
72,O,0,1,0,0,0,1,0,-1,0,-1,0,0,0,0,0,0,0,0,0,0,0,0,0,0,0,0,1,0,8.0,32.0
73,X,0,1,0,0,0,1,0,-1,1,-1,0,0,0,0,0,0,0,0,0,0,1,0,0,0,0,0,0,0,2.0,33.0
74,O,0,1,-1,0,0,1,0,-1,1,-1,0,0,0,0,0,0,0,0,0,0,0,0,0,0,0,0,0,0,4.0,34.0
75,X,0,1,-1,0,1,1,0,-1,1,-1,0,0,0,0,0,0,0,0,0,0,0,0,0,0,1,0,0,0,6.0,35.0
76,O,0,1,-1,0,1,1,-1,-1,1,-1,0,0,0,0,0,0,0,0,0,0,0,1,0,0,0,0,0,0,3.0,36.0
77,X,0,1,-1,1,1,1,-1,-1,1,-1,0,0,0,0,0,0,0,0,0,0,0,0,0,0,0,0,0,0,0.0,37.0
78,0,0,0,0,0,0,0,0,0,0,0,0,0,0,0,0,0,0,0,0,0,0,0,0,0,0,0,0,0,,38.0
79,X,0,0,0,0,1,0,0,0,0,0,0,0,0,0,0,0,0,0,0,0,0,0,0,0,0,0,0,0,6.0,0.0
80,O,0,0,0,0,1,0,-1,0,0,0,0,0,0,0,0,0,0,0,0,0,0,0,0,0,0,0,0,0,9.0,1.0
81,X,0,0,0,0,1,0,-1,0,0,1,0,0,0,0,0,0,0,0,0,0,0,0,0,0,0,0,0,0,5.0,2.0
82,O,0,0,0,0,1,-1,-1,0,0,1,0,0,0,0,0,0,0,0,0,0,0,0,0,0,0,0,0,0,1.0,3.0
83,X,0,1,0,0,1,-1,-1,0,0,1,0,0,0,0,0,0,0,0,0,0,0,0,0,0,0,1,0,0,8.0,4.0
84,O,0,1,0,0,1,-1,-1,0,-1,1,0,0,0,0,0,0,1,0,0,0,1,0,0,0,0,0,0,0,7.0,5.0
85,X,1,1,0,0,1,-1,-1,1,-1,1,0,1,0,0,0,0,0,0,0,0,0,0,0,0,0,0,0,0,,6.0
86,X,0,0,1,0,0,0,0,0,0,0,0,0,0,0,0,0,0,0,0,0,0,0,0,0,0,0,0,0,5.0,0.0
87,O,0,0,1,0,0,-1,0,0,0,0,0,0,0,0,0,0,0,0,0,0,0,0,0,0,0,0,0,0,7.0,1.0
88,X,0,0,1,0,0,-1,0,1,0,0,0,0,0,0,0,0,0,0,0,0,0,0,0,0,0,0,0,0,9.0,2.0
89,O,0,0,1,0,0,-1,0,1,0,-1,0,0,0,0,0,0,0,0,0,1,0,0,0,0,0,0,0,0,1.0,3.0
90,X,0,1,1,0,0,-1,0,1,0,-1,0,0,0,0,0,0,0,0,0,0,0,1,1,0,0,0,0,0,4.0,4.0
91,O,0,1,1,0,-1,-1,0,1,0,-1,0,0,1,0,0,0,0,0,0,0,0,0,0,0,1,0,0,0,3.0,5.0
92,X,1,1,1,1,-1,-1,0,1,0,-1,0,0,0,0,0,1,0,0,0,0,0,0,0,0,0,0,0,0,8.0,6.0
93,X,0,0,0,0,0,0,0,0,1,0,0,0,0,0,0,0,0,0,0,0,0,0,0,0,0,0,0,0,5.0,7.0
94,O,0,0,0,0,0,-1,0,0,1,0,0,0,0,0,0,0,0,0,0,0,0,0,0,0,0,0,0,0,1.0,8.0
95,X,0,1,0,0,0,-1,0,0,1,0,0,0,0,0,0,0,0,0,0,0,0,0,0,0,0,0,0,0,3.0,9.0
96,O,0,1,0,-1,0,-1,0,0,1,0,0,0,0,0,0,0,0,0,0,0,0,0,0,0,0,1,0,0,7.0,10.0
97,X,0,1,0,-1,0,-1,0,1,1,0,0,0,0,0,0,0,0,0,0,0,0,0,1,0,0,0,0,1,4.0,11.0
98,O,0,1,0,-1,-1,-1,0,1,1,0,0,0,0,0,0,0,0,0,1,0,0,0,0,0,1,0,0,0,9.0,12.0
99,X,1,1,0,-1,-1,-1,0,1,1,1,0,0,0,0,0,1,0,0,0,0,0,0,0,0,0,0,0,0,3.0,13.0
100,X,0,0,0,1,0,0,0,0,0,0,0,0,0,0,0,0,0,0,0,0,0,0,0,0,0,0,0,0,1.0,14.0
101,O,0,-1,0,1,0,0,0,0,0,0,0,0,0,0,0,0,0,0,0,0,0,0,0,0,0,0,0,0,5.0,15.0
102,X,0,-1,0,1,0,1,0,0,0,0,0,0,0,0,0,0,0,0,0,0,0,0,0,0,0,1,0,0,7.0,16.0
103,O,0,-1,0,1,0,1,0,-1,0,0,0,0,0,0,0,0,0,0,0,0,0,0,1,0,0,0,0,0,4.0,17.0
104,X,0,-1,0,1,1,1,0,-1,0,0,0,0,0,0,0,0,0,0,0,0,0,0,0,0,1,0,0,0,6.0,18.0
105,O,0,-1,0,1,1,1,-1,-1,0,0,0,0,0,0,0,0,0,0,0,0,0,0,0,0,0,0,0,0,8.0,19.0
106,X,0,-1,0,1,1,1,-1,-1,1,0,0,0,0,0,0,0,0,0,0,0,1,0,0,0,0,0,0,0,2.0,20.0
107,O,0,-1,-1,1,1,1,-1,-1,1,0,0,0,0,0,0,0,0,0,0,0,0,0,0,0,0,0,0,0,9.0,21.0
108,X,0,-1,-1,1,1,1,-1,-1,1,1,0,0,0,0,0,0,0,0,0,0,0,0,0,0,0,0,0,0,0.0,22.0
109,0,0,0,0,0,0,0,0,0,0,0,0,0,0,0,0,0,0,0,0,0,0,0,0,0,0,0,0,0,8.0,23.0
110,X,0,0,0,0,0,0,0,0,1,0,0,0,0,0,0,0,0,0,0,0,0,0,0,0,0,0,0,0,1.0,24.0
111,O,0,-1,0,0,0,0,0,0,1,0,0,0,0,0,0,0,0,0,0,0,0,0,0,0,0,0,0,0,9.0,25.0
112,X,0,-1,0,0,0,0,0,0,1,1,0,0,0,0,0,0,0,0,0,0,0,0,0,0,0,1,0,0,7.0,26.0
113,O,0,-1,0,0,0,0,0,-1,1,1,0,0,0,0,0,0,0,0,0,0,0,0,1,0,0,0,0,0,4.0,27.0
114,X,0,-1,0,0,1,0,0,-1,1,1,0,0,0,0,0,0,0,0,0,0,0,0,0,0,0,0,0,0,3.0,28.0
115,O,0,-1,0,-1,1,0,0,-1,1,1,0,0,0,0,0,0,0,0,0,0,1,0,0,1,0,0,0,0,5.0,29.0
116,X,0,-1,0,-1,1,1,0,-1,1,1,0,1,0,0,0,0,0,0,0,0,1,0,0,0,1,0,0,0,2.0,30.0
117,O,1,-1,-1,-1,1,1,0,-1,1,1,0,0,0,0,0,1,0,0,0,0,0,0,0,0,0,0,0,0,3.0,31.0
118,X,0,0,0,1,0,0,0,0,0,0,0,0,0,0,0,0,0,0,0,0,0,0,0,0,0,0,0,0,7.0,32.0
119,O,0,0,0,1,0,0,0,-1,0,0,0,0,0,0,0,0,0,0,0,0,0,0,0,0,0,0,0,0,1.0,33.0
120,X,0,1,0,1,0,0,0,-1,0,0,0,0,0,0,0,0,0,0,0,0,1,0,0,0,0,0,0,0,2.0,34.0
121,O,0,1,-1,1,0,0,0,-1,0,0,0,0,0,0,0,0,0,0,0,0,0,0,0,0,0,0,0,0,9.0,35.0
122,X,0,1,-1,1,0,0,0,-1,0,1,0,0,0,0,0,0,0,0,0,0,0,0,0,1,1,0,0,0,5.0,36.0
123,O,0,1,-1,1,0,-1,0,-1,0,1,0,0,0,0,0,1,0,0,0,0,0,0,0,0,0,0,1,0,8.0,37.0
124,X,0,1,-1,1,0,-1,0,-1,1,1,0,0,0,0,0,0,0,0,0,0,0,0,0,0,1,0,0,0,6.0,38.0
125,O,0,1,-1,1,0,-1,-1,-1,1,1,0,0,0,0,0,0,0,0,0,0,0,0,1,0,0,0,0,0,4.0,39.0
126,X,0,1,-1,1,1,-1,-1,-1,1,1,0,0,0,0,0,0,0,0,0,0,0,0,0,0,0,0,0,0,0.0,40.0
127,0,0,0,0,0,0,0,0,0,0,0,0,0,0,0,0,0,0,0,0,0,0,0,0,0,0,0,0,0,1.0,41.0
128,X,0,1,0,0,0,0,0,0,0,0,0,0,0,0,0,0,0,0,0,0,0,0,0,0,0,0,0,0,6.0,42.0
129,O,0,1,0,0,0,0,-1,0,0,0,0,0,0,0,0,0,0,0,0,0,0,0,0,0,0,0,0,0,4.0,43.0
130,X,0,1,0,0,1,0,-1,0,0,0,0,0,0,0,0,0,0,0,0,0,0,0,0,0,0,1,0,0,7.0,44.0
131,O,0,1,0,0,1,0,-1,-1,0,0,0,0,0,0,0,0,0,0,0,0,0,0,0,0,0,0,0,0,3.0,45.0
132,X,0,1,0,1,1,0,-1,-1,0,0,0,0,0,0,0,0,0,0,0,0,1,0,0,0,0,0,0,0,5.0,46.0
133,O,0,1,0,1,1,-1,-1,-1,0,0,0,1,0,0,0,0,0,0,0,0,0,0,0,0,0,0,0,0,2.0,47.0
134,X,1,1,1,1,1,-1,-1,-1,0,0,0,0,0,0,0,0,0,0,0,0,0,0,0,0,0,0,0,0,6.0,48.0
135,X,0,0,0,0,0,0,1,0,0,0,0,0,0,0,0,0,0,0,0,0,0,0,0,0,0,0,0,0,2.0,49.0
136,O,0,0,-1,0,0,0,1,0,0,0,0,0,0,0,0,0,0,0,0,0,0,0,0,0,0,0,0,0,4.0,50.0
137,X,0,0,-1,0,1,0,1,0,0,0,0,0,0,0,0,0,0,0,0,0,0,0,0,1,0,0,0,0,8.0,51.0
138,O,0,0,-1,0,1,0,1,0,-1,0,0,0,0,0,1,0,0,0,0,0,0,0,0,1,0,0,0,0,5.0,52.0
139,X,1,0,-1,0,1,1,1,0,-1,0,0,0,0,0,0,0,0,0,0,0,0,0,0,0,0,0,0,0,,53.0
140,X,0,0,0,0,0,1,0,0,0,0,0,0,0,0,0,0,0,0,0,0,0,0,0,0,0,0,0,0,3.0,0.0
141,O,0,0,0,-1,0,1,0,0,0,0,0,0,0,0,0,0,0,0,0,0,0,0,0,0,0,0,0,0,1.0,1.0
142,X,0,1,0,-1,0,1,0,0,0,0,0,0,0,0,0,0,0,0,0,0,0,0,0,0,0,0,0,1,9.0,2.0
143,O,0,1,0,-1,0,1,0,0,0,-1,0,0,0,0,0,0,0,0,0,0,0,0,0,0,1,0,0,0,6.0,3.0
144,X,0,1,0,-1,0,1,1,0,0,-1,0,0,0,0,0,0,0,0,0,0,0,0,1,0,0,0,0,0,4.0,4.0
145,O,0,1,0,-1,-1,1,1,0,0,-1,0,0,0,0,0,0,0,0,0,0,0,0,0,0,0,0,0,0,7.0,5.0
146,X,0,1,0,-1,-1,1,1,1,0,-1,0,0,0,0,0,0,0,0,0,0,0,0,0,0,0,0,0,0,8.0,6.0
147,O,0,1,0,-1,-1,1,1,1,-1,-1,0,0,0,0,0,0,0,0,0,0,0,0,0,0,0,0,0,0,2.0,7.0
148,X,0,1,1,-1,-1,1,1,1,-1,-1,0,0,0,0,0,0,0,0,0,0,0,0,0,0,0,0,0,0,0.0,8.0
149,0,0,0,0,0,0,0,0,0,0,0,0,0,0,0,0,0,0,0,0,0,0,0,0,0,0,0,0,0,1.0,9.0
150,X,0,1,0,0,0,0,0,0,0,0,0,0,0,0,0,0,0,0,0,0,0,0,0,0,0,0,0,0,9.0,10.0
151,O,0,1,0,0,0,0,0,0,0,-1,0,0,0,0,0,0,0,0,0,0,0,0,0,0,0,0,0,0,3.0,11.0
152,X,0,1,0,1,0,0,0,0,0,-1,0,0,0,0,0,0,0,0,0,0,1,0,0,0,0,0,0,0,2.0,12.0
153,O,0,1,-1,1,0,0,0,0,0,-1,0,0,0,0,0,0,0,0,0,0,0,0,0,0,0,0,0,0,7.0,13.0
154,X,0,1,-1,1,0,0,0,1,0,-1,0,0,0,0,0,0,0,0,0,0,0,0,1,1,0,0,0,0,4.0,14.0
155,O,0,1,-1,1,-1,0,0,1,0,-1,0,0,0,0,1,0,0,0,0,0,0,0,0,0,0,0,0,0,5.0,15.0
156,X,1,1,-1,1,-1,1,0,1,0,-1,0,0,0,0,0,0,0,0,0,0,0,0,0,0,0,0,0,0,6.0,16.0
157,X,0,0,0,0,0,0,1,0,0,0,0,0,0,0,0,0,0,0,0,0,0,0,0,0,0,0,0,0,7.0,17.0
158,O,0,0,0,0,0,0,1,-1,0,0,0,0,0,0,0,0,0,0,0,0,0,0,0,0,0,0,0,0,3.0,18.0
159,X,0,0,0,1,0,0,1,-1,0,0,0,0,0,0,0,0,0,0,0,0,0,0,0,0,0,0,0,1,9.0,19.0
160,O,0,0,0,1,0,0,1,-1,0,-1,0,0,0,0,0,0,0,0,0,0,0,0,0,0,0,0,1,0,8.0,20.0
161,X,0,0,0,1,0,0,1,-1,1,-1,0,0,0,0,0,0,0,0,0,0,0,0,0,0,0,0,0,0,1.0,21.0
162,O,0,-1,0,1,0,0,1,-1,1,-1,0,0,0,0,0,0,0,0,0,0,0,0,1,1,0,0,0,0,5.0,22.0
163,X,0,-1,0,1,0,1,1,-1,1,-1,0,0,0,1,0,0,0,0,0,0,1,0,1,0,0,0,0,0,4.0,23.0
164,O,1,-1,0,1,-1,1,1,-1,1,-1,0,1,0,0,0,0,0,0,0,0,0,0,0,0,0,0,0,0,3.0,24.0
165,X,0,0,0,1,0,0,0,0,0,0,0,0,0,0,0,0,0,0,0,0,0,0,0,0,0,0,0,0,1.0,25.0
166,O,0,-1,0,1,0,0,0,0,0,0,0,0,0,0,0,0,0,0,0,0,0,0,0,0,0,0,0,0,5.0,26.0
167,X,0,-1,0,1,0,1,0,0,0,0,0,0,0,0,0,0,0,0,0,0,0,0,0,0,0,1,0,0,7.0,27.0
168,O,0,-1,0,1,0,1,0,-1,0,0,0,0,0,0,0,0,0,0,0,0,0,0,1,0,0,0,0,0,4.0,28.0
169,X,0,-1,0,1,1,1,0,-1,0,0,0,0,0,0,0,0,0,0,0,0,0,0,0,0,1,0,0,0,6.0,29.0
170,O,0,-1,0,1,1,1,-1,-1,0,0,0,0,0,0,0,0,0,0,0,0,0,0,0,0,0,0,0,0,2.0,30.0
171,X,0,-1,1,1,1,1,-1,-1,0,0,0,0,0,0,0,0,0,0,0,0,0,0,0,0,0,0,1,0,8.0,31.0
172,O,0,-1,1,1,1,1,-1,-1,-1,0,0,0,0,0,0,0,0,0,0,0,0,0,0,0,0,0,0,1,9.0,32.0
173,X,0,-1,1,1,1,1,-1,-1,-1,1,0,0,0,0,0,0,0,0,0,0,0,0,0,0,0,0,0,0,0.0,33.0
174,0,0,0,0,0,0,0,0,0,0,0,0,0,0,0,0,0,0,0,0,0,0,0,0,0,0,0,0,0,9.0,34.0
175,X,0,0,0,0,0,0,0,0,0,1,0,0,0,0,0,0,0,0,0,0,0,0,0,0,0,0,0,0,4.0,35.0
176,O,0,0,0,0,-1,0,0,0,0,1,0,0,0,0,0,0,0,0,0,0,0,0,0,0,0,0,0,0,1.0,36.0
177,X,0,1,0,0,-1,0,0,0,0,1,0,0,0,0,0,0,0,0,0,0,0,0,0,1,0,0,0,0,5.0,37.0
178,O,0,1,0,0,-1,-1,0,0,0,1,0,0,0,0,0,0,0,0,0,0,0,0,0,0,1,0,0,0,6.0,38.0
179,X,0,1,0,0,-1,-1,1,0,0,1,0,0,0,0,0,0,0,0,0,0,0,1,0,0,0,0,0,0,3.0,39.0
180,O,0,1,0,-1,-1,-1,1,0,0,1,0,0,0,0,0,0,0,0,0,0,0,0,0,0,0,1,0,0,7.0,40.0
181,X,0,1,0,-1,-1,-1,1,1,0,1,0,0,0,0,0,0,0,0,0,0,0,0,0,0,0,0,1,0,8.0,41.0
182,O,0,1,0,-1,-1,-1,1,1,-1,1,0,0,0,0,0,0,0,0,0,0,1,0,0,0,0,0,0,0,2.0,42.0
183,X,0,1,1,-1,-1,-1,1,1,-1,1,0,0,0,0,0,0,0,0,0,0,0,0,0,0,0,0,0,0,0.0,43.0
184,0,0,0,0,0,0,0,0,0,0,0,0,0,0,0,0,0,0,0,0,0,0,0,0,0,0,0,0,0,,44.0
185,X,0,0,0,0,0,0,1,0,0,0,0,0,0,0,0,0,0,0,0,0,0,0,0,0,0,0,0,0,2.0,0.0
186,O,0,0,-1,0,0,0,1,0,0,0,0,0,0,0,0,0,0,0,0,0,0,0,0,0,0,0,0,0,5.0,1.0
187,X,0,0,-1,0,0,1,1,0,0,0,0,0,0,0,0,0,0,0,0,0,0,0,1,0,0,0,0,0,4.0,2.0
188,O,0,0,-1,0,-1,1,1,0,0,0,0,0,0,0,0,0,0,0,0,0,0,0,0,0,0,0,0,0,9.0,3.0
189,X,0,0,-1,0,-1,1,1,0,0,1,0,0,0,0,0,0,0,0,0,1,0,1,0,0,0,0,0,0,1.0,4.0
190,O,0,-1,-1,0,-1,1,1,0,0,1,0,0,1,0,0,0,0,0,0,0,0,1,0,0,0,1,0,0,7.0,5.0
191,X,0,-1,-1,0,-1,1,1,1,0,1,0,0,1,0,0,0,0,0,0,0,0,1,0,0,0,0,1,0,3.0,6.0
192,O,1,-1,-1,-1,-1,1,1,1,0,1,0,0,0,0,0,0,0,1,0,0,0,0,0,0,0,0,0,0,7.0,7.0
193,X,0,0,0,0,0,0,0,1,0,0,0,0,0,0,0,0,0,0,0,0,0,0,0,0,0,0,0,0,5.0,8.0
194,O,0,0,0,0,0,-1,0,1,0,0,0,0,0,0,0,0,0,0,0,0,0,0,0,0,0,0,0,0,1.0,9.0
195,X,0,1,0,0,0,-1,0,1,0,0,0,0,0,0,0,0,0,0,0,0,0,0,1,0,0,0,0,0,4.0,10.0
196,O,0,1,0,0,-1,-1,0,1,0,0,0,0,0,0,0,0,0,0,0,0,0,0,0,0,1,0,0,0,6.0,11.0
197,X,0,1,0,0,-1,-1,1,1,0,0,0,0,0,0,0,0,0,0,0,0,0,0,0,0,0,0,0,0,8.0,12.0
198,O,0,1,0,0,-1,-1,1,1,-1,0,0,0,0,0,0,0,0,0,0,0,1,0,0,0,0,0,0,0,2.0,13.0
199,X,0,1,1,0,-1,-1,1,1,-1,0,0,0,0,0,0,0,0,0,0,0,0,1,0,0,0,0,0,0,3.0,14.0
200,O,0,1,1,-1,-1,-1,1,1,-1,0,0,0,0,0,0,0,0,0,0,0,0,0,0,0,0,0,0,0,9.0,15.0
201,X,0,1,1,-1,-1,-1,1,1,-1,1,0,0,0,0,0,0,0,0,0,0,0,0,0,0,0,0,0,0,0.0,16.0
202,0,0,0,0,0,0,0,0,0,0,0,0,0,0,0,0,0,0,0,0,0,0,0,0,0,0,0,0,0,1.0,17.0
203,X,0,1,0,0,0,0,0,0,0,0,0,0,0,0,0,0,0,0,0,0,0,0,0,0,0,0,0,0,9.0,18.0
204,O,0,1,0,0,0,0,0,0,0,-1,0,0,0,0,0,0,0,0,0,0,0,0,0,0,0,0,0,0,3.0,19.0
205,X,0,1,0,1,0,0,0,0,0,-1,0,0,0,0,0,0,0,0,0,0,1,0,0,0,0,0,0,0,2.0,20.0
206,O,0,1,-1,1,0,0,0,0,0,-1,0,0,0,0,0,0,0,0,0,0,0,0,0,0,0,0,0,0,7.0,21.0
207,X,0,1,-1,1,0,0,0,1,0,-1,0,0,0,0,0,0,0,0,0,0,0,0,1,1,0,0,0,0,4.0,22.0
208,O,0,1,-1,1,-1,0,0,1,0,-1,0,0,0,0,1,0,0,0,0,0,0,0,0,0,0,0,0,0,5.0,23.0
209,X,1,1,-1,1,-1,1,0,1,0,-1,0,0,0,0,0,0,0,0,0,0,0,0,0,0,0,0,0,0,,24.0
210,X,0,0,0,0,1,0,0,0,0,0,0,0,0,0,0,0,0,0,0,0,0,0,0,0,0,0,0,0,6.0,0.0
211,O,0,0,0,0,1,0,-1,0,0,0,0,0,0,0,0,0,0,0,0,0,0,0,0,0,0,0,0,0,9.0,1.0
212,X,0,0,0,0,1,0,-1,0,0,1,0,0,0,0,0,0,0,0,0,0,0,0,0,0,0,0,0,0,1.0,2.0
213,O,0,-1,0,0,1,0,-1,0,0,1,0,0,0,0,0,0,0,0,0,0,0,0,0,0,0,0,0,0,7.0,3.0
214,X,0,-1,0,0,1,0,-1,1,0,1,0,0,0,0,0,0,0,0,0,0,0,0,0,0,0,0,1,0,8.0,4.0
215,O,0,-1,0,0,1,0,-1,1,-1,1,0,0,0,0,0,0,0,0,0,0,0,0,0,0,0,0,0,0,3.0,5.0
216,X,0,-1,0,1,1,0,-1,1,-1,1,0,0,0,0,0,0,0,0,0,0,0,0,0,1,0,0,0,0,5.0,6.0
217,O,0,-1,0,1,1,-1,-1,1,-1,1,0,0,0,0,0,0,0,0,0,0,1,0,0,0,0,0,0,0,2.0,7.0
218,X,0,-1,1,1,1,-1,-1,1,-1,1,0,0,0,0,0,0,0,0,0,0,0,0,0,0,0,0,0,0,0.0,8.0
219,0,0,0,0,0,0,0,0,0,0,0,0,0,0,0,0,0,0,0,0,0,0,0,0,0,0,0,0,0,0.0,9.0
220,0,0,0,0,0,0,0,0,0,0,0,0,0,0,0,0,0,0,0,0,0,0,0,0,0,0,0,0,0,,10.0
